dataset,classifier,backbone,n_way,k_shot,n_episodes,acc,ci95
mnist,proto_cos__clip_vitb32,clip_vitb32,5,1,600,0.5656222701072693,0.00874300869716866
mnist,proto_eucl__clip_vitb32,clip_vitb32,5,1,600,0.5664000511169434,0.008730333379970465
mnist,proto_cos__dinov2_vits14,dinov2_vits14,5,1,600,0.5653555393218994,0.009180023046960034
mnist,proto_eucl__dinov2_vits14,dinov2_vits14,5,1,600,0.5675778388977051,0.009195845293312877
mnist,proto_cos__resnet50,resnet50,5,1,600,0.5596222281455994,0.008225193762768982
mnist,proto_eucl__resnet50,resnet50,5,1,600,0.5578666925430298,0.008296517668009196
mnist,linear__clip_vitb32,clip_vitb32,5,1,600,0.599577784538269,0.008639161860077326
mnist,clip_zeroshot__clip_vitb32,clip_vitb32,5,1,600,0.5960667133331299,0.00880284232638471
mnist,clip_zeroshot_ens__clip_vitb32,clip_vitb32,5,1,600,0.5698444843292236,0.008898933470494674
mnist,proto_cos__clip_vitb32,clip_vitb32,5,5,600,0.7801333665847778,0.005955672013391177
mnist,proto_eucl__clip_vitb32,clip_vitb32,5,5,600,0.7792889475822449,0.006008774998074648
mnist,proto_cos__dinov2_vits14,dinov2_vits14,5,5,600,0.75608891248703,0.006666336582092874
mnist,proto_eucl__dinov2_vits14,dinov2_vits14,5,5,600,0.7560222148895264,0.006653957525188187
mnist,proto_cos__resnet50,resnet50,5,5,600,0.7686222791671753,0.006955755513668507
mnist,proto_eucl__resnet50,resnet50,5,5,600,0.7687111496925354,0.006939728257625906
mnist,linear__clip_vitb32,clip_vitb32,5,5,600,0.8659999370574951,0.0043684434991658845
mnist,clip_zeroshot__clip_vitb32,clip_vitb32,5,5,600,0.5953333377838135,0.008857901115675217
mnist,clip_zeroshot_ens__clip_vitb32,clip_vitb32,5,5,600,0.5596221685409546,0.008888527859980415
cifar10,proto_cos__clip_vitb32,clip_vitb32,5,1,600,0.729200005531311,0.008473029794215867
cifar10,proto_eucl__clip_vitb32,clip_vitb32,5,1,600,0.7407333254814148,0.008247765512112513
cifar10,proto_cos__dinov2_vits14,dinov2_vits14,5,1,600,0.7733556032180786,0.0072182445670655225
cifar10,proto_eucl__dinov2_vits14,dinov2_vits14,5,1,600,0.7529999613761902,0.007703519536168049
cifar10,proto_cos__resnet50,resnet50,5,1,600,0.6229777336120605,0.007633198170894364
cifar10,proto_eucl__resnet50,resnet50,5,1,600,0.5711556077003479,0.008038894096804116
cifar10,linear__clip_vitb32,clip_vitb32,5,1,600,0.7686445116996765,0.00798729188038365
cifar10,clip_zeroshot__clip_vitb32,clip_vitb32,5,1,600,0.9314000606536865,0.002837288785113476
cifar10,clip_zeroshot_ens__clip_vitb32,clip_vitb32,5,1,600,0.9343556761741638,0.002736402725945142
cifar10,proto_cos__clip_vitb32,clip_vitb32,5,5,600,0.8916444778442383,0.004194885155002594
cifar10,proto_eucl__clip_vitb32,clip_vitb32,5,5,600,0.8922888040542603,0.004197816124395035
cifar10,proto_cos__dinov2_vits14,dinov2_vits14,5,5,600,0.9194889068603516,0.0037122588867582423
cifar10,proto_eucl__dinov2_vits14,dinov2_vits14,5,5,600,0.9190667867660522,0.0035668352329117445
cifar10,proto_cos__resnet50,resnet50,5,5,600,0.8167778253555298,0.004790541112762292
cifar10,proto_eucl__resnet50,resnet50,5,5,600,0.8121333718299866,0.004826144969164679
cifar10,linear__clip_vitb32,clip_vitb32,5,5,600,0.9082444310188293,0.0037444907291833977
cifar10,clip_zeroshot__clip_vitb32,clip_vitb32,5,5,600,0.9302889108657837,0.0027603408009954857
cifar10,clip_zeroshot_ens__clip_vitb32,clip_vitb32,5,5,600,0.9321555495262146,0.002717534230270454
mini_imagenet,proto_cos__clip_vitb32,clip_vitb32,5,1,600,0.8914666771888733,0.006358478945186214
mini_imagenet,proto_eucl__clip_vitb32,clip_vitb32,5,1,600,0.9009334444999695,0.006081196952246652
mini_imagenet,proto_cos__dinov2_vits14,dinov2_vits14,5,1,600,0.9441778659820557,0.004695617063874286
mini_imagenet,proto_eucl__dinov2_vits14,dinov2_vits14,5,1,600,0.9456889033317566,0.004729424195888841
mini_imagenet,proto_cos__resnet50,resnet50,5,1,600,0.9738444089889526,0.0026365414110569177
mini_imagenet,proto_eucl__resnet50,resnet50,5,1,600,0.786911129951477,0.011291294957628279
mini_imagenet,linear__clip_vitb32,clip_vitb32,5,1,600,0.9140222072601318,0.005680410308818633
mini_imagenet,clip_zeroshot__clip_vitb32,clip_vitb32,5,1,600,0.9900221824645996,0.0010176608759511296
mini_imagenet,clip_zeroshot_ens__clip_vitb32,clip_vitb32,5,1,600,0.9907554984092712,0.0009506357866535635
mini_imagenet,proto_cos__clip_vitb32,clip_vitb32,5,5,600,0.9770444631576538,0.002004524521052389
mini_imagenet,proto_eucl__clip_vitb32,clip_vitb32,5,5,600,0.976555585861206,0.0019909411082625447
mini_imagenet,proto_cos__dinov2_vits14,dinov2_vits14,5,5,600,0.9856221675872803,0.0014842493182912792
mini_imagenet,proto_eucl__dinov2_vits14,dinov2_vits14,5,5,600,0.9800666570663452,0.0017206288364373869
mini_imagenet,proto_cos__resnet50,resnet50,5,5,600,0.9950889348983765,0.000828931586619259
mini_imagenet,proto_eucl__resnet50,resnet50,5,5,600,0.9928666353225708,0.0010455370989328019
mini_imagenet,linear__clip_vitb32,clip_vitb32,5,5,600,0.9826000928878784,0.0015808800576380842
mini_imagenet,clip_zeroshot__clip_vitb32,clip_vitb32,5,5,600,0.9901778101921082,0.0010501870015733783
mini_imagenet,clip_zeroshot_ens__clip_vitb32,clip_vitb32,5,5,600,0.9910444021224976,0.0009905220338899251
