dataset,encoder,target,head,T,k_shot,run,seed_type,seed,n_train,test_acc,baseline_acc,delta_acc,final_train_loss,checkpoint_epoch,checkpoint_train_loss
dtd,resnet18,image_prototype,fm_standard,4,5shot,0,subset,0,235,0.28723403811454773,0.4723404347896576,-0.18510639667510986,37.989826007599525,189,26.56913439162234
dtd,resnet18,image_prototype,fm_standard,12,5shot,0,subset,0,235,0.3340425491333008,0.4723404347896576,-0.1382978856563568,37.989826007599525,189,26.56913439162234
dtd,resnet18,image_prototype,fm_rollout,4,5shot,0,subset,0,235,0.17872340977191925,0.4723404347896576,-0.29361702501773834,1.201601568181464,199,1.201601568181464
dtd,resnet18,image_prototype,fm_rollout,12,5shot,0,subset,0,235,0.21808511018753052,0.4723404347896576,-0.2542553246021271,1.2634199639584156,198,1.2411855342540334
dtd,resnet18,image_prototype,fm_standard,4,5shot,1,subset,1,235,0.28723403811454773,0.4627659618854522,-0.17553192377090449,35.24793183347012,189,26.867843400671127
dtd,resnet18,image_prototype,fm_standard,12,5shot,1,subset,1,235,0.3271276652812958,0.4627659618854522,-0.13563829660415644,35.24793183347012,189,26.867843400671127
dtd,resnet18,image_prototype,fm_rollout,4,5shot,1,subset,1,235,0.16063830256462097,0.4627659618854522,-0.30212765932083124,1.1555897246015834,197,1.148166347564535
dtd,resnet18,image_prototype,fm_rollout,12,5shot,1,subset,1,235,0.22287234663963318,0.4627659618854522,-0.23989361524581904,1.2345557730248633,199,1.2345557730248633
dtd,resnet18,image_prototype,fm_standard,4,5shot,2,subset,2,235,0.3234042525291443,0.4601063728332519,-0.1367021203041076,38.70940098863967,189,23.214910710111578
dtd,resnet18,image_prototype,fm_standard,12,5shot,2,subset,2,235,0.3547872304916382,0.4601063728332519,-0.10531914234161371,38.70940098863967,189,23.214910710111578
dtd,resnet18,image_prototype,fm_rollout,4,5shot,2,subset,2,235,0.1765957474708557,0.4601063728332519,-0.2835106253623962,1.1100461675765667,199,1.1100461675765667
dtd,resnet18,image_prototype,fm_rollout,12,5shot,2,subset,2,235,0.20000000298023224,0.4601063728332519,-0.26010636985301966,1.2329748950106032,196,1.232121722748939
dtd,resnet18,image_prototype,fm_standard,4,10shot,0,subset,0,470,0.3781915009021759,0.5239361524581909,-0.14574465155601501,29.600567724349652,195,28.60549725471659
dtd,resnet18,image_prototype,fm_standard,12,10shot,0,subset,0,470,0.3952127695083618,0.5239361524581909,-0.1287233829498291,29.600567724349652,195,28.60549725471659
dtd,resnet18,image_prototype,fm_rollout,4,10shot,0,subset,0,470,0.20957446098327637,0.5239361524581909,-0.31436169147491455,1.3505205367473845,199,1.3505205367473845
dtd,resnet18,image_prototype,fm_rollout,12,10shot,0,subset,0,470,0.2707446813583374,0.5239361524581909,-0.2531914710998535,1.4903207454275578,199,1.4903207454275578
dtd,resnet18,image_prototype,fm_standard,4,10shot,1,subset,1,470,0.37287235260009766,0.5446808338165283,-0.17180848121643066,30.49269013100482,195,28.314981217079975
dtd,resnet18,image_prototype,fm_standard,12,10shot,1,subset,1,470,0.40744680166244507,0.5446808338165283,-0.13723403215408325,30.49269013100482,195,28.314981217079975
dtd,resnet18,image_prototype,fm_rollout,4,10shot,1,subset,1,470,0.21808511018753052,0.5446808338165283,-0.3265957236289978,1.3496713709323964,199,1.3496713709323964
dtd,resnet18,image_prototype,fm_rollout,12,10shot,1,subset,1,470,0.2563829720020294,0.5446808338165283,-0.2882978618144989,1.481005691974721,198,1.4707521626289854
dtd,resnet18,image_prototype,fm_standard,4,10shot,2,subset,2,470,0.3920212686061859,0.5324468016624451,-0.14042553305625916,28.455868741299245,198,26.348650100383352
dtd,resnet18,image_prototype,fm_standard,12,10shot,2,subset,2,470,0.41170212626457214,0.5324468016624451,-0.12074467539787292,28.455868741299245,198,26.348650100383352
dtd,resnet18,image_prototype,fm_rollout,4,10shot,2,subset,2,470,0.21382978558540344,0.5324468016624451,-0.3186170160770416,1.4035832435526747,197,1.3992502547324972
dtd,resnet18,image_prototype,fm_rollout,12,10shot,2,subset,2,470,0.28936171531677246,0.5324468016624451,-0.2430850863456726,1.4856903162408381,199,1.4856903162408381
dtd,resnet18,image_prototype,fm_standard,4,full,0,init,0,1880,0.3882978856563568,0.5877659320831299,-0.19946804642677307,34.86697281370772,198,34.071858978271486
dtd,resnet18,image_prototype,fm_standard,12,full,0,init,0,1880,0.4265957474708557,0.5877659320831299,-0.16117018461227417,34.86697281370772,198,34.071858978271486
dtd,resnet18,image_prototype,fm_rollout,4,full,0,init,0,1880,0.45691490173339844,0.5877659320831299,-0.13085103034973145,0.5446004197952595,197,0.536604873170244
dtd,resnet18,image_prototype,fm_rollout,12,full,0,init,0,1880,0.4819149076938629,0.5877659320831299,-0.10585102438926697,0.531933520195332,195,0.5280031402060326
dtd,resnet18,image_prototype,fm_standard,4,full,1,init,1,1880,0.41170212626457214,0.5877659320831299,-0.17606380581855774,34.91016215872257,191,33.56167586306308
dtd,resnet18,image_prototype,fm_standard,12,full,1,init,1,1880,0.44574469327926636,0.5877659320831299,-0.14202123880386353,34.91016215872257,191,33.56167586306308
dtd,resnet18,image_prototype,fm_rollout,4,full,1,init,1,1880,0.46702128648757935,0.5877659320831299,-0.12074464559555054,0.5299298385356335,199,0.5299298385356335
dtd,resnet18,image_prototype,fm_rollout,12,full,1,init,1,1880,0.4749999940395355,0.5877659320831299,-0.11276593804359436,0.5140266319538684,199,0.5140266319538684
dtd,resnet18,image_prototype,fm_standard,4,full,2,init,2,1880,0.39414894580841064,0.5877659320831299,-0.19361698627471924,35.42961943606113,187,34.64216374336405
dtd,resnet18,image_prototype,fm_standard,12,full,2,init,2,1880,0.4340425431728363,0.5877659320831299,-0.15372338891029358,35.42961943606113,187,34.64216374336405
dtd,resnet18,image_prototype,fm_rollout,4,full,2,init,2,1880,0.45957446098327637,0.5877659320831299,-0.12819147109985352,0.5814912590574711,196,0.571900658911847
dtd,resnet18,image_prototype,fm_rollout,12,full,2,init,2,1880,0.49468085169792175,0.5877659320831299,-0.09308508038520813,0.5308154532249938,198,0.5204840061512399
fgvc_aircraft,resnet18,image_prototype,fm_standard,4,5shot,0,subset,0,500,0.09210921078920364,0.1509150862693786,-0.05880587548017496,29.16128091430664,199,29.16128091430664
fgvc_aircraft,resnet18,image_prototype,fm_standard,12,5shot,0,subset,0,500,0.11431143432855606,0.1509150862693786,-0.036603651940822546,29.16128091430664,199,29.16128091430664
fgvc_aircraft,resnet18,image_prototype,fm_rollout,4,5shot,0,subset,0,500,0.06090608984231949,0.1509150862693786,-0.09000899642705912,1.8136023817062379,199,1.8136023817062379
fgvc_aircraft,resnet18,image_prototype,fm_rollout,12,5shot,0,subset,0,500,0.07650765031576157,0.1509150862693786,-0.07440743595361704,1.8761906003952027,198,1.8644296226501464
fgvc_aircraft,resnet18,image_prototype,fm_standard,4,5shot,1,subset,1,500,0.09450945258140564,0.1659165918827057,-0.07140713930130005,30.717300918579102,196,28.976050430297853
fgvc_aircraft,resnet18,image_prototype,fm_standard,12,5shot,1,subset,1,500,0.10651065409183502,0.1659165918827057,-0.059405937790870667,30.717300918579102,196,28.976050430297853
fgvc_aircraft,resnet18,image_prototype,fm_rollout,4,5shot,1,subset,1,500,0.0525052510201931,0.1659165918827057,-0.11341134086251259,1.7969370393753052,199,1.7969370393753052
fgvc_aircraft,resnet18,image_prototype,fm_rollout,12,5shot,1,subset,1,500,0.07950795441865921,0.1659165918827057,-0.08640863746404648,1.8540548524856568,198,1.8506214685440063
fgvc_aircraft,resnet18,image_prototype,fm_standard,4,5shot,2,subset,2,500,0.09330932796001434,0.1644164472818374,-0.07110711932182306,29.996210372924804,181,29.33790757751465
fgvc_aircraft,resnet18,image_prototype,fm_standard,12,5shot,2,subset,2,500,0.1197119727730751,0.1644164472818374,-0.044704474508762304,29.996210372924804,181,29.33790757751465
fgvc_aircraft,resnet18,image_prototype,fm_rollout,4,5shot,2,subset,2,500,0.05040504038333893,0.1644164472818374,-0.11401140689849848,1.8744259672164918,199,1.8744259672164918
fgvc_aircraft,resnet18,image_prototype,fm_rollout,12,5shot,2,subset,2,500,0.07770776748657227,0.1644164472818374,-0.08670867979526514,1.8470205764770509,199,1.8470205764770509
fgvc_aircraft,resnet18,image_prototype,fm_standard,4,10shot,0,subset,0,1000,0.12181217968463898,0.2019201964139938,-0.08010801672935483,27.496297973632814,193,25.80198812866211
fgvc_aircraft,resnet18,image_prototype,fm_standard,12,10shot,0,subset,0,1000,0.13471347093582153,0.2019201964139938,-0.06720672547817227,27.496297973632814,193,25.80198812866211
fgvc_aircraft,resnet18,image_prototype,fm_rollout,4,10shot,0,subset,0,1000,0.11101110279560089,0.2019201964139938,-0.09090909361839292,1.3542739896774292,199,1.3542739896774292
fgvc_aircraft,resnet18,image_prototype,fm_rollout,12,10shot,0,subset,0,1000,0.17521752417087555,0.2019201964139938,-0.02670267224311826,1.3111539640426635,199,1.3111539640426635
fgvc_aircraft,resnet18,image_prototype,fm_standard,4,10shot,1,subset,1,1000,0.11191119253635406,0.2004200369119644,-0.08850884437561032,28.785159225463868,190,25.658910629272462
fgvc_aircraft,resnet18,image_prototype,fm_standard,12,10shot,1,subset,1,1000,0.11791179329156876,0.2004200369119644,-0.08250824362039563,28.785159225463868,190,25.658910629272462
fgvc_aircraft,resnet18,image_prototype,fm_rollout,4,10shot,1,subset,1,1000,0.1062106192111969,0.2004200369119644,-0.09420941770076749,1.3399215517044067,199,1.3399215517044067
fgvc_aircraft,resnet18,image_prototype,fm_rollout,12,10shot,1,subset,1,1000,0.14731472730636597,0.2004200369119644,-0.05310530960559842,1.3246452894210816,198,1.315249605178833
fgvc_aircraft,resnet18,image_prototype,fm_standard,4,10shot,2,subset,2,1000,0.1332133263349533,0.193219318985939,-0.06000599265098569,27.53303335571289,190,25.30494729614258
fgvc_aircraft,resnet18,image_prototype,fm_standard,12,10shot,2,subset,2,1000,0.13771377503871918,0.193219318985939,-0.05550554394721982,27.53303335571289,190,25.30494729614258
fgvc_aircraft,resnet18,image_prototype,fm_rollout,4,10shot,2,subset,2,1000,0.11551155149936676,0.193219318985939,-0.07770776748657224,1.3533723583221435,199,1.3533723583221435
fgvc_aircraft,resnet18,image_prototype,fm_rollout,12,10shot,2,subset,2,1000,0.14941494166851044,0.193219318985939,-0.04380437731742856,1.330684079170227,197,1.3033089475631714
fgvc_aircraft,resnet18,image_prototype,fm_standard,4,full,0,init,0,3334,0.15541553497314453,0.2520252168178558,-0.09660968184471125,22.826382423634293,197,22.50887137483392
fgvc_aircraft,resnet18,image_prototype,fm_standard,12,full,0,init,0,3334,0.16081608831882477,0.2520252168178558,-0.09120912849903101,22.826382423634293,197,22.50887137483392
fgvc_aircraft,resnet18,image_prototype,fm_rollout,4,full,0,init,0,3334,0.1551155149936676,0.2520252168178558,-0.09690970182418818,0.21842105659847855,198,0.20988662468507466
fgvc_aircraft,resnet18,image_prototype,fm_rollout,12,full,0,init,0,3334,0.18601860105991364,0.2520252168178558,-0.06600661575794214,0.2466270911546975,198,0.22697825600232774
fgvc_aircraft,resnet18,image_prototype,fm_standard,4,full,1,init,1,3334,0.1563156247138977,0.2520252168178558,-0.09570959210395807,22.14222127574607,199,22.14222127574607
fgvc_aircraft,resnet18,image_prototype,fm_standard,12,full,1,init,1,3334,0.1647164672613144,0.2520252168178558,-0.08730874955654139,22.14222127574607,199,22.14222127574607
fgvc_aircraft,resnet18,image_prototype,fm_rollout,4,full,1,init,1,3334,0.10651065409183502,0.2520252168178558,-0.14551456272602076,0.2080132455509726,197,0.2058392624584729
fgvc_aircraft,resnet18,image_prototype,fm_rollout,12,full,1,init,1,3334,0.17971797287464142,0.2520252168178558,-0.07230724394321436,0.1982409944327634,199,0.1982409944327634
fgvc_aircraft,resnet18,image_prototype,fm_standard,4,full,2,init,2,3334,0.13981397449970245,0.2520252168178558,-0.11221124231815333,23.331574028669607,192,22.328264112306627
fgvc_aircraft,resnet18,image_prototype,fm_standard,12,full,2,init,2,3334,0.157515749335289,0.2520252168178558,-0.09450946748256678,23.331574028669607,192,22.328264112306627
fgvc_aircraft,resnet18,image_prototype,fm_rollout,4,full,2,init,2,3334,0.1416141539812088,0.2520252168178558,-0.11041106283664698,0.22782367301616543,198,0.21950457837314183
fgvc_aircraft,resnet18,image_prototype,fm_rollout,12,full,2,init,2,3334,0.15931592881679535,0.2520252168178558,-0.09270928800106043,0.23539321961235557,198,0.22649866978994873
fgvc_aircraft,dinov2_vits14,image_prototype,fm_standard,4,5shot,0,subset,0,500,0.23282328248023987,0.2166216671466827,0.016201615333557157,84.56408728027344,181,80.99689855957031
fgvc_aircraft,dinov2_vits14,image_prototype,fm_standard,12,5shot,0,subset,0,500,0.2406240552663803,0.2166216671466827,0.0240023881196976,84.56408728027344,181,80.99689855957031
fgvc_aircraft,dinov2_vits14,image_prototype,fm_rollout,4,5shot,0,subset,0,500,0.17611761391162872,0.2166216671466827,-0.04050405323505399,4.027448860168457,199,4.027448860168457
fgvc_aircraft,dinov2_vits14,image_prototype,fm_rollout,12,5shot,0,subset,0,500,0.24122412502765656,0.2166216671466827,0.024602457880973844,4.331650466918945,199,4.331650466918945
fgvc_aircraft,dinov2_vits14,image_prototype,fm_standard,4,5shot,1,subset,1,500,0.24722471833229065,0.233123317360878,0.014101400971412659,86.91356329345703,181,81.81123236083984
fgvc_aircraft,dinov2_vits14,image_prototype,fm_standard,12,5shot,1,subset,1,500,0.25682568550109863,0.233123317360878,0.023702368140220642,86.91356329345703,181,81.81123236083984
fgvc_aircraft,dinov2_vits14,image_prototype,fm_rollout,4,5shot,1,subset,1,500,0.18091809749603271,0.233123317360878,-0.052205219864845276,4.076756320953369,199,4.076756320953369
fgvc_aircraft,dinov2_vits14,image_prototype,fm_rollout,12,5shot,1,subset,1,500,0.2442244291305542,0.233123317360878,0.011101111769676208,4.43963761138916,199,4.43963761138916
fgvc_aircraft,dinov2_vits14,image_prototype,fm_standard,4,5shot,2,subset,2,500,0.2430243045091629,0.2436243593692779,-0.0006000548601149958,87.98926989746094,181,77.74701135253906
fgvc_aircraft,dinov2_vits14,image_prototype,fm_standard,12,5shot,2,subset,2,500,0.25712570548057556,0.2436243593692779,0.013501346111297663,87.98926989746094,181,77.74701135253906
fgvc_aircraft,dinov2_vits14,image_prototype,fm_rollout,4,5shot,2,subset,2,500,0.19201920926570892,0.2436243593692779,-0.051605150103568975,4.036111667633056,199,4.036111667633056
fgvc_aircraft,dinov2_vits14,image_prototype,fm_rollout,12,5shot,2,subset,2,500,0.2466246634721756,0.2436243593692779,0.0030003041028976996,4.416339569091797,199,4.416339569091797
fgvc_aircraft,dinov2_vits14,image_prototype,fm_standard,4,10shot,0,subset,0,1000,0.29462945461273193,0.2913291454315185,0.0033003091812134344,105.56661987304688,190,91.69054370117188
fgvc_aircraft,dinov2_vits14,image_prototype,fm_standard,12,10shot,0,subset,0,1000,0.30603060126304626,0.2913291454315185,0.014701455831527765,105.56661987304688,190,91.69054370117188
fgvc_aircraft,dinov2_vits14,image_prototype,fm_rollout,4,10shot,0,subset,0,1000,0.3429342806339264,0.2913291454315185,0.05160513520240789,1.7091851587295532,199,1.7091851587295532
fgvc_aircraft,dinov2_vits14,image_prototype,fm_rollout,12,10shot,0,subset,0,1000,0.40384039282798767,0.2913291454315185,0.11251124739646917,1.496226481437683,199,1.496226481437683
fgvc_aircraft,dinov2_vits14,image_prototype,fm_standard,4,10shot,1,subset,1,1000,0.2895289659500122,0.269426941871643,0.020102024078369196,107.61547650146484,185,93.83537017822266
fgvc_aircraft,dinov2_vits14,image_prototype,fm_standard,12,10shot,1,subset,1,1000,0.29492950439453125,0.269426941871643,0.02550256252288824,107.61547650146484,185,93.83537017822266
fgvc_aircraft,dinov2_vits14,image_prototype,fm_rollout,4,10shot,1,subset,1,1000,0.3366336524486542,0.269426941871643,0.06720671057701116,1.8079560718536376,195,1.7478477115631104
fgvc_aircraft,dinov2_vits14,image_prototype,fm_rollout,12,10shot,1,subset,1,1000,0.4140413999557495,0.269426941871643,0.1446144580841065,1.5983816471099854,195,1.5607460956573487
fgvc_aircraft,dinov2_vits14,image_prototype,fm_standard,4,10shot,2,subset,2,1000,0.27632763981819153,0.2733273208141327,0.003000319004058838,103.22292407226563,185,89.77921337890625
fgvc_aircraft,dinov2_vits14,image_prototype,fm_standard,12,10shot,2,subset,2,1000,0.28652864694595337,0.2733273208141327,0.013201326131820679,103.22292407226563,185,89.77921337890625
fgvc_aircraft,dinov2_vits14,image_prototype,fm_rollout,4,10shot,2,subset,2,1000,0.32673266530036926,0.2733273208141327,0.05340534448623657,1.6652626571655273,199,1.6652626571655273
fgvc_aircraft,dinov2_vits14,image_prototype,fm_rollout,12,10shot,2,subset,2,1000,0.3969396948814392,0.2733273208141327,0.12361237406730652,1.5702385787963866,199,1.5702385787963866
fgvc_aircraft,dinov2_vits14,image_prototype,fm_standard,4,full,0,init,0,3334,0.34263426065444946,0.3441344201564789,-0.001500159502029419,99.64769618555538,192,96.5566149953603
fgvc_aircraft,dinov2_vits14,image_prototype,fm_standard,12,full,0,init,0,3334,0.37293729186058044,0.3441344201564789,0.028802871704101562,99.64769618555538,192,96.5566149953603
fgvc_aircraft,dinov2_vits14,image_prototype,fm_rollout,4,full,0,init,0,3334,0.3540354073047638,0.3441344201564789,0.009900987148284912,96.56472271677256,188,0.1115299068261709
fgvc_aircraft,dinov2_vits14,image_prototype,fm_rollout,12,full,0,init,0,3334,0.37083709239959717,0.3441344201564789,0.026702672243118286,0.0965103779946821,199,0.0965103779946821
fgvc_aircraft,dinov2_vits14,image_prototype,fm_standard,4,full,1,init,1,3334,0.3513351380825043,0.3441344201564789,0.007200717926025391,96.25209005135008,181,93.67425031839335
fgvc_aircraft,dinov2_vits14,image_prototype,fm_standard,12,full,1,init,1,3334,0.3807380795478821,0.3441344201564789,0.0366036593914032,96.25209005135008,181,93.67425031839335
fgvc_aircraft,dinov2_vits14,image_prototype,fm_rollout,4,full,1,init,1,3334,0.3672367334365845,0.3441344201564789,0.02310231328010559,979.6548012663093,171,0.11100602634899188
fgvc_aircraft,dinov2_vits14,image_prototype,fm_rollout,12,full,1,init,1,3334,0.3393339216709137,0.3441344201564789,-0.0048004984855651855,0.10654718028387054,197,0.0983556103549035
fgvc_aircraft,dinov2_vits14,image_prototype,fm_standard,4,full,2,init,2,3334,0.3495349586009979,0.3441344201564789,0.005400538444519043,99.57131617499742,196,93.82385744988453
fgvc_aircraft,dinov2_vits14,image_prototype,fm_standard,12,full,2,init,2,3334,0.37533754110336304,0.3441344201564789,0.031203120946884155,99.57131617499742,196,93.82385744988453
fgvc_aircraft,dinov2_vits14,image_prototype,fm_rollout,4,full,2,init,2,3334,0.18091809749603271,0.3441344201564789,-0.16321632266044617,202.69836360791805,129,0.13289391207852333
fgvc_aircraft,dinov2_vits14,image_prototype,fm_rollout,12,full,2,init,2,3334,0.2526252567768097,0.3441344201564789,-0.09150916337966919,0.10821952012908909,191,0.10281115249201575
dtd,clip_rn50,clip_text,fm_standard,4,5shot,0,subset,0,235,0.521276593208313,0.3978723287582397,0.1234042644500733,0.27553767181457356,179,0.2332005573714033
dtd,clip_rn50,clip_text,fm_standard,12,5shot,0,subset,0,235,0.5244680643081665,0.3978723287582397,0.1265957355499268,0.27553767181457356,179,0.2332005573714033
dtd,clip_rn50,clip_text,fm_rollout,4,5shot,0,subset,0,235,0.4994680881500244,0.3978723287582397,0.10159575939178472,0.027412881599144734,199,0.027412881599144734
dtd,clip_rn50,clip_text,fm_rollout,12,5shot,0,subset,0,235,0.4925532042980194,0.3978723287582397,0.09468087553977972,0.031310555021813576,198,0.03103679615132352
dtd,clip_rn50,clip_text,fm_standard,4,5shot,1,subset,1,235,0.5148935914039612,0.3978723287582397,0.11702126264572149,0.2853273352409931,189,0.24991296922906917
dtd,clip_rn50,clip_text,fm_standard,12,5shot,1,subset,1,235,0.5154255032539368,0.3978723287582397,0.11755317449569708,0.2853273352409931,189,0.24991296922906917
dtd,clip_rn50,clip_text,fm_rollout,4,5shot,1,subset,1,235,0.4797872304916382,0.3978723287582397,0.08191490173339849,0.028046124618738257,199,0.028046124618738257
dtd,clip_rn50,clip_text,fm_rollout,12,5shot,1,subset,1,235,0.48404255509376526,0.3978723287582397,0.08617022633552557,0.030935807264548667,199,0.030935807264548667
dtd,clip_rn50,clip_text,fm_standard,4,5shot,2,subset,2,235,0.5047872066497803,0.3978723287582397,0.10691487789154058,0.2794334147838836,189,0.23164364771640047
dtd,clip_rn50,clip_text,fm_standard,12,5shot,2,subset,2,235,0.5063830018043518,0.3978723287582397,0.10851067304611212,0.2794334147838836,189,0.23164364771640047
dtd,clip_rn50,clip_text,fm_rollout,4,5shot,2,subset,2,235,0.47127658128738403,0.3978723287582397,0.07340425252914434,0.02786666824621089,198,0.02768566094021848
dtd,clip_rn50,clip_text,fm_rollout,12,5shot,2,subset,2,235,0.47393617033958435,0.3978723287582397,0.07606384158134466,0.0315722202049925,199,0.0315722202049925
dtd,clip_rn50,clip_text,fm_standard,4,10shot,0,subset,0,470,0.5579787492752075,0.3978723287582397,0.16010642051696783,0.2554811298847198,198,0.24401377547294537
dtd,clip_rn50,clip_text,fm_standard,12,10shot,0,subset,0,470,0.5627659559249878,0.3978723287582397,0.1648936271667481,0.2554811298847198,198,0.24401377547294537
dtd,clip_rn50,clip_text,fm_rollout,4,10shot,0,subset,0,470,0.561170220375061,0.3978723287582397,0.16329789161682134,0.031149238490677893,199,0.031149238490677893
dtd,clip_rn50,clip_text,fm_rollout,12,10shot,0,subset,0,470,0.5478723645210266,0.3978723287582397,0.15000003576278692,0.0376395582835725,197,0.037134150875375624
dtd,clip_rn50,clip_text,fm_standard,4,10shot,1,subset,1,470,0.5595744848251343,0.3978723287582397,0.1617021560668946,0.2564718172905293,193,0.24960617816194575
dtd,clip_rn50,clip_text,fm_standard,12,10shot,1,subset,1,470,0.5627659559249878,0.3978723287582397,0.1648936271667481,0.2564718172905293,193,0.24960617816194575
dtd,clip_rn50,clip_text,fm_rollout,4,10shot,1,subset,1,470,0.5526595711708069,0.3978723287582397,0.1547872424125672,0.03369428580428692,199,0.03369428580428692
dtd,clip_rn50,clip_text,fm_rollout,12,10shot,1,subset,1,470,0.5420212745666504,0.3978723287582397,0.1441489458084107,0.04037084325830987,196,0.03954466229423564
dtd,clip_rn50,clip_text,fm_standard,4,10shot,2,subset,2,470,0.563829779624939,0.3978723287582397,0.16595745086669927,0.24118797677628537,193,0.23295796640375827
dtd,clip_rn50,clip_text,fm_standard,12,10shot,2,subset,2,470,0.5707446932792664,0.3978723287582397,0.17287236452102667,0.24118797677628537,193,0.23295796640375827
dtd,clip_rn50,clip_text,fm_rollout,4,10shot,2,subset,2,470,0.5547872185707092,0.3978723287582397,0.15691488981246954,0.032550166261957045,199,0.032550166261957045
dtd,clip_rn50,clip_text,fm_rollout,12,10shot,2,subset,2,470,0.556382954120636,0.3978723287582397,0.1585106253623963,0.0383138692125361,198,0.038251387644955455
dtd,clip_rn50,clip_text,fm_standard,4,full,0,init,0,1880,0.6234042644500732,0.3978723287582397,0.22553193569183355,0.19870870684055572,197,0.19220683523949156
dtd,clip_rn50,clip_text,fm_standard,12,full,0,init,0,1880,0.6287233829498291,0.3978723287582397,0.2308510541915894,0.19870870684055572,197,0.19220683523949156
dtd,clip_rn50,clip_text,fm_rollout,4,full,0,init,0,1880,0.6409574747085571,0.3978723287582397,0.24308514595031744,0.01198397714723932,199,0.01198397714723932
dtd,clip_rn50,clip_text,fm_rollout,12,full,0,init,0,1880,0.6127659678459167,0.3978723287582397,0.21489363908767706,0.013105947167632427,199,0.013105947167632427
dtd,clip_rn50,clip_text,fm_standard,4,full,1,init,1,1880,0.6021276712417603,0.3978723287582397,0.20425534248352056,0.19846500697288108,186,0.19340574589181453
dtd,clip_rn50,clip_text,fm_standard,12,full,1,init,1,1880,0.6117021441459656,0.3978723287582397,0.21382981538772589,0.19846500697288108,186,0.19340574589181453
dtd,clip_rn50,clip_text,fm_rollout,4,full,1,init,1,1880,0.6446808576583862,0.3978723287582397,0.24680852890014654,0.012490721015219993,197,0.012227185645160522
dtd,clip_rn50,clip_text,fm_rollout,12,full,1,init,1,1880,0.6271276473999023,0.3978723287582397,0.22925531864166265,0.014327892189488767,199,0.014327892189488767
dtd,clip_rn50,clip_text,fm_standard,4,full,2,init,2,1880,0.6345744729042053,0.3978723287582397,0.23670214414596563,0.203188460304382,188,0.19514920533971583
dtd,clip_rn50,clip_text,fm_standard,12,full,2,init,2,1880,0.6382978558540344,0.3978723287582397,0.24042552709579473,0.203188460304382,188,0.19514920533971583
dtd,clip_rn50,clip_text,fm_rollout,4,full,2,init,2,1880,0.6505318880081177,0.3978723287582397,0.252659559249878,0.012819533525629246,198,0.012361383822528606
dtd,clip_rn50,clip_text,fm_rollout,12,full,2,init,2,1880,0.6292552947998047,0.3978723287582397,0.231382966041565,0.013425580927349152,199,0.013425580927349152
fgvc_aircraft,clip_rn50,clip_text,fm_standard,4,5shot,0,subset,0,500,0.1845184564590454,0.1704170405864715,0.014101415872573908,0.26849893617630005,181,0.2647307586669922
fgvc_aircraft,clip_rn50,clip_text,fm_standard,12,5shot,0,subset,0,500,0.18601860105991364,0.1704170405864715,0.015601560473442133,0.26849893617630005,181,0.2647307586669922
fgvc_aircraft,clip_rn50,clip_text,fm_rollout,4,5shot,0,subset,0,500,0.19261926412582397,0.1704170405864715,0.022202223539352473,0.050203261196613315,197,0.04924196889996529
fgvc_aircraft,clip_rn50,clip_text,fm_rollout,12,5shot,0,subset,0,500,0.19711971282958984,0.1704170405864715,0.02670267224311834,0.05681514030694962,199,0.05681514030694962
fgvc_aircraft,clip_rn50,clip_text,fm_standard,4,5shot,1,subset,1,500,0.18601860105991364,0.1704170405864715,0.015601560473442133,0.2832353384494781,181,0.2632254569530487
fgvc_aircraft,clip_rn50,clip_text,fm_standard,12,5shot,1,subset,1,500,0.18901890516281128,0.1704170405864715,0.018601864576339777,0.2832353384494781,181,0.2632254569530487
fgvc_aircraft,clip_rn50,clip_text,fm_rollout,4,5shot,1,subset,1,500,0.19441944360733032,0.1704170405864715,0.02400240302085882,0.04910650709271431,199,0.04910650709271431
fgvc_aircraft,clip_rn50,clip_text,fm_rollout,12,5shot,1,subset,1,500,0.19381938874721527,0.1704170405864715,0.02340234816074377,0.05538587945699692,199,0.05538587945699692
fgvc_aircraft,clip_rn50,clip_text,fm_standard,4,5shot,2,subset,2,500,0.18091809749603271,0.1704170405864715,0.010501056909561213,0.27035934913158416,196,0.2664889807701111
fgvc_aircraft,clip_rn50,clip_text,fm_standard,12,5shot,2,subset,2,500,0.18271827697753906,0.1704170405864715,0.01230123639106756,0.27035934913158416,196,0.2664889807701111
fgvc_aircraft,clip_rn50,clip_text,fm_rollout,4,5shot,2,subset,2,500,0.18871887028217316,0.1704170405864715,0.018301829695701655,0.04915138727426529,197,0.048618837893009186
fgvc_aircraft,clip_rn50,clip_text,fm_rollout,12,5shot,2,subset,2,500,0.17971797287464142,0.1704170405864715,0.009300932288169916,0.05649893555045128,198,0.05624366641044617
fgvc_aircraft,clip_rn50,clip_text,fm_standard,4,10shot,0,subset,0,1000,0.22022202610969543,0.1704170405864715,0.04980498552322393,0.27079594087600706,190,0.25112585854530334
fgvc_aircraft,clip_rn50,clip_text,fm_standard,12,10shot,0,subset,0,1000,0.22262226045131683,0.1704170405864715,0.05220521986484533,0.27079594087600706,190,0.25112585854530334
fgvc_aircraft,clip_rn50,clip_text,fm_rollout,4,10shot,0,subset,0,1000,0.25322532653808594,0.1704170405864715,0.08280828595161444,0.03283428573608398,197,0.032813180923461915
fgvc_aircraft,clip_rn50,clip_text,fm_rollout,12,10shot,0,subset,0,1000,0.2478247880935669,0.1704170405864715,0.07740774750709539,0.04783802750706673,199,0.04783802750706673
fgvc_aircraft,clip_rn50,clip_text,fm_standard,4,10shot,1,subset,1,1000,0.20462046563625336,0.1704170405864715,0.034203425049781855,0.27461680603027344,190,0.24497721099853514
fgvc_aircraft,clip_rn50,clip_text,fm_standard,12,10shot,1,subset,1,1000,0.2088208794593811,0.1704170405864715,0.0384038388729096,0.27461680603027344,190,0.24497721099853514
fgvc_aircraft,clip_rn50,clip_text,fm_rollout,4,10shot,1,subset,1,1000,0.2505250573158264,0.1704170405864715,0.08010801672935491,0.03238073873519898,199,0.03238073873519898
fgvc_aircraft,clip_rn50,clip_text,fm_rollout,12,10shot,1,subset,1,1000,0.24602460861206055,0.1704170405864715,0.07560756802558904,0.046485761046409606,199,0.046485761046409606
fgvc_aircraft,clip_rn50,clip_text,fm_standard,4,10shot,2,subset,2,1000,0.2100210040807724,0.1704170405864715,0.0396039634943009,0.26818255400657653,190,0.24599786126613618
fgvc_aircraft,clip_rn50,clip_text,fm_standard,12,10shot,2,subset,2,1000,0.21032103896141052,0.1704170405864715,0.03990399837493902,0.26818255400657653,190,0.24599786126613618
fgvc_aircraft,clip_rn50,clip_text,fm_rollout,4,10shot,2,subset,2,1000,0.2550255060195923,0.1704170405864715,0.08460846543312078,0.03203323122859001,199,0.03203323122859001
fgvc_aircraft,clip_rn50,clip_text,fm_rollout,12,10shot,2,subset,2,1000,0.24332433938980103,0.1704170405864715,0.07290729880332952,0.04732210475206375,199,0.04732210475206375
fgvc_aircraft,clip_rn50,clip_text,fm_standard,4,full,0,init,0,3334,0.22412240505218506,0.1704170405864715,0.053705364465713556,0.23906675548737966,197,0.22934118104538806
fgvc_aircraft,clip_rn50,clip_text,fm_standard,12,full,0,init,0,3334,0.22412240505218506,0.1704170405864715,0.053705364465713556,0.23906675548737966,197,0.22934118104538806
fgvc_aircraft,clip_rn50,clip_text,fm_rollout,4,full,0,init,0,3334,0.3528352975845337,0.1704170405864715,0.1824182569980622,0.02563417013499933,199,0.02563417013499933
fgvc_aircraft,clip_rn50,clip_text,fm_rollout,12,full,0,init,0,3334,0.3369337022304535,0.1704170405864715,0.166516661643982,0.04104139825444273,124,0.038373618444230075
fgvc_aircraft,clip_rn50,clip_text,fm_standard,4,full,1,init,1,3334,0.2574257552623749,0.1704170405864715,0.08700871467590338,0.22618568391412336,199,0.22618568391412336
fgvc_aircraft,clip_rn50,clip_text,fm_standard,12,full,1,init,1,3334,0.2574257552623749,0.1704170405864715,0.08700871467590338,0.22618568391412336,199,0.22618568391412336
fgvc_aircraft,clip_rn50,clip_text,fm_rollout,4,full,1,init,1,3334,0.3393339216709137,0.1704170405864715,0.1689168810844422,0.029587807447773007,195,0.02551448266633664
fgvc_aircraft,clip_rn50,clip_text,fm_rollout,12,full,1,init,1,3334,0.3294329345226288,0.1704170405864715,0.15901589393615728,0.033899078380269565,144,0.024999989710645397
fgvc_aircraft,clip_rn50,clip_text,fm_standard,4,full,2,init,2,3334,0.2526252567768097,0.1704170405864715,0.08220821619033819,0.24054331917496735,196,0.2303801644291789
fgvc_aircraft,clip_rn50,clip_text,fm_standard,12,full,2,init,2,3334,0.25202521681785583,0.1704170405864715,0.08160817623138433,0.24054331917496735,196,0.2303801644291789
fgvc_aircraft,clip_rn50,clip_text,fm_rollout,4,full,2,init,2,3334,0.34863486886024475,0.1704170405864715,0.17821782827377325,0.02680768116517523,195,0.025049179837098718
fgvc_aircraft,clip_rn50,clip_text,fm_rollout,12,full,2,init,2,3334,0.3321332037448883,0.1704170405864715,0.1617161631584168,0.03396362539360676,140,0.02658086179922674
