head,class_idx,class_name,t,cosine,l2
fm_standard,0,727-200,0.0,0.9634215235710144,0.23188398778438568
fm_standard,0,727-200,0.08333333333333333,0.9653728604316711,0.21389231085777283
fm_standard,0,727-200,0.16666666666666666,0.9670599699020386,0.1992749124765396
fm_standard,0,727-200,0.25,0.9684234857559204,0.1883612722158432
fm_standard,0,727-200,0.3333333333333333,0.9693861603736877,0.18152664601802826
fm_standard,0,727-200,0.4166666666666667,0.9698778390884399,0.17908509075641632
fm_standard,0,727-200,0.5,0.9698647260665894,0.18117427825927734
fm_standard,0,727-200,0.5833333333333334,0.9693676233291626,0.18769337236881256
fm_standard,0,727-200,0.6666666666666666,0.9684534668922424,0.19833281636238098
fm_standard,0,727-200,0.75,0.9672125577926636,0.21267470717430115
fm_standard,0,727-200,0.8333333333333334,0.9657287001609802,0.2303040474653244
fm_standard,0,727-200,0.9166666666666666,0.9640612006187439,0.2508854269981384
fm_standard,0,727-200,1.0,0.9622414708137512,0.2741957902908325
fm_standard,1,737-300,0.0,0.9827518463134766,0.164419025182724
fm_standard,1,737-300,0.08333333333333333,0.9838752150535583,0.15005356073379517
fm_standard,1,737-300,0.16666666666666666,0.9848082661628723,0.13847015798091888
fm_standard,1,737-300,0.25,0.9854950904846191,0.12998588383197784
fm_standard,1,737-300,0.3333333333333333,0.9858787059783936,0.12491165846586227
fm_standard,1,737-300,0.4166666666666667,0.9859268665313721,0.12344242632389069
fm_standard,1,737-300,0.5,0.9856534600257874,0.12556254863739014
fm_standard,1,737-300,0.5833333333333334,0.9851208329200745,0.13102787733078003
fm_standard,1,737-300,0.6666666666666666,0.9844192266464233,0.13943901658058167
fm_standard,1,737-300,0.75,0.9836332201957703,0.15035441517829895
fm_standard,1,737-300,0.8333333333333334,0.9828237891197205,0.16338305175304413
fm_standard,1,737-300,0.9166666666666666,0.9820207357406616,0.17823198437690735
fm_standard,1,737-300,1.0,0.9812271595001221,0.1947164535522461
fm_standard,2,737-700,0.0,0.97247713804245,0.2062951773405075
fm_standard,2,737-700,0.08333333333333333,0.9739187359809875,0.18959271907806396
fm_standard,2,737-700,0.16666666666666666,0.9751862287521362,0.1758473515510559
fm_standard,2,737-700,0.25,0.9762511253356934,0.16528353095054626
fm_standard,2,737-700,0.3333333333333333,0.9770730137825012,0.15814873576164246
fm_standard,2,737-700,0.4166666666666667,0.9776158928871155,0.15464234352111816
fm_standard,2,737-700,0.5,0.9778668880462646,0.15484194457530975
fm_standard,2,737-700,0.5833333333333334,0.9778451323509216,0.15866197645664215
fm_standard,2,737-700,0.6666666666666666,0.9775947332382202,0.16586826741695404
fm_standard,2,737-700,0.75,0.9771665334701538,0.1761387139558792
fm_standard,2,737-700,0.8333333333333334,0.9766043424606323,0.18913587927818298
fm_standard,2,737-700,0.9166666666666666,0.975938618183136,0.2045622020959854
fm_standard,2,737-700,1.0,0.97518390417099,0.22218795120716095
fm_standard,3,767-300,0.0,0.977575957775116,0.19144044816493988
fm_standard,3,767-300,0.08333333333333333,0.9788380265235901,0.17531494796276093
fm_standard,3,767-300,0.16666666666666666,0.9800691604614258,0.16148142516613007
fm_standard,3,767-300,0.25,0.9812964200973511,0.14998383820056915
fm_standard,3,767-300,0.3333333333333333,0.9825233221054077,0.14089269936084747
fm_standard,3,767-300,0.4166666666666667,0.9837234616279602,0.13428011536598206
fm_standard,3,767-300,0.5,0.984846830368042,0.13019001483917236
fm_standard,3,767-300,0.5833333333333334,0.9858360886573792,0.12861298024654388
fm_standard,3,767-300,0.6666666666666666,0.9866483807563782,0.12947531044483185
fm_standard,3,767-300,0.75,0.9872636198997498,0.1326485127210617
fm_standard,3,767-300,0.8333333333333334,0.9876831769943237,0.1379746049642563
fm_standard,3,767-300,0.9166666666666666,0.9879215359687805,0.14529648423194885
fm_standard,3,767-300,1.0,0.9879977703094482,0.1544824242591858
fm_standard,4,A320,0.0,0.9697915315628052,0.22332260012626648
fm_standard,4,A320,0.08333333333333333,0.9701909422874451,0.20951499044895172
fm_standard,4,A320,0.16666666666666666,0.9702056050300598,0.19914384186267853
fm_standard,4,A320,0.25,0.9697951078414917,0.1924634426832199
fm_standard,4,A320,0.3333333333333333,0.968950092792511,0.18966558575630188
fm_standard,4,A320,0.4166666666666667,0.9677176475524902,0.19080692529678345
fm_standard,4,A320,0.5,0.9662078022956848,0.19577254354953766
fm_standard,4,A320,0.5833333333333334,0.9645681977272034,0.20429429411888123
fm_standard,4,A320,0.6666666666666666,0.9629392623901367,0.21601468324661255
fm_standard,4,A320,0.75,0.9614119529724121,0.23056504130363464
fm_standard,4,A320,0.8333333333333334,0.9600155353546143,0.24762965738773346
fm_standard,4,A320,0.9166666666666666,0.958723783493042,0.26698386669158936
fm_standard,4,A320,1.0,0.9574809074401855,0.2885071933269501
fm_standard,5,A340-200,0.0,0.97553950548172,0.19616618752479553
fm_standard,5,A340-200,0.08333333333333333,0.97666996717453,0.18115666508674622
fm_standard,5,A340-200,0.16666666666666666,0.977354884147644,0.1700102686882019
fm_standard,5,A340-200,0.25,0.977501392364502,0.1630941927433014
fm_standard,5,A340-200,0.3333333333333333,0.9770327210426331,0.16070067882537842
fm_standard,5,A340-200,0.4166666666666667,0.9759295582771301,0.16292166709899902
fm_standard,5,A340-200,0.5,0.9742596745491028,0.16958753764629364
fm_standard,5,A340-200,0.5833333333333334,0.9721666574478149,0.18031032383441925
fm_standard,5,A340-200,0.6666666666666666,0.9698283076286316,0.19459782540798187
fm_standard,5,A340-200,0.75,0.9674027562141418,0.2119685709476471
fm_standard,5,A340-200,0.8333333333333334,0.964993417263031,0.2320244163274765
fm_standard,5,A340-200,0.9166666666666666,0.9626466035842896,0.25447821617126465
fm_standard,5,A340-200,1.0,0.9603609442710876,0.2791530191898346
fm_standard,6,Cessna 172,0.0,0.9803643822669983,0.17982794344425201
fm_standard,6,Cessna 172,0.08333333333333333,0.9801017642021179,0.1712384968996048
fm_standard,6,Cessna 172,0.16666666666666666,0.9792727828025818,0.1664259135723114
fm_standard,6,Cessna 172,0.25,0.9777902364730835,0.16559073328971863
fm_standard,6,Cessna 172,0.3333333333333333,0.9756130576133728,0.1688137948513031
fm_standard,6,Cessna 172,0.4166666666666667,0.9727820158004761,0.17603032290935516
fm_standard,6,Cessna 172,0.5,0.9694309234619141,0.1870558112859726
fm_standard,6,Cessna 172,0.5833333333333334,0.9657561182975769,0.20164702832698822
fm_standard,6,Cessna 172,0.6666666666666666,0.961955189704895,0.21956472098827362
fm_standard,6,Cessna 172,0.75,0.9581707715988159,0.24061772227287292
fm_standard,6,Cessna 172,0.8333333333333334,0.9544682502746582,0.2646838128566742
fm_standard,6,Cessna 172,0.9166666666666666,0.9508432745933533,0.29171445965766907
fm_standard,6,Cessna 172,1.0,0.9472461342811584,0.32173052430152893
fm_standard,7,DHC-1,0.0,0.9731335639953613,0.2145320177078247
fm_standard,7,DHC-1,0.08333333333333333,0.9738363027572632,0.1990831196308136
fm_standard,7,DHC-1,0.16666666666666666,0.974035382270813,0.18765507638454437
fm_standard,7,DHC-1,0.25,0.9736464619636536,0.18055327236652374
fm_standard,7,DHC-1,0.3333333333333333,0.972615659236908,0.17800003290176392
fm_standard,7,DHC-1,0.4166666666666667,0.9709627628326416,0.18004804849624634
fm_standard,7,DHC-1,0.5,0.9688026905059814,0.18654873967170715
fm_standard,7,DHC-1,0.5833333333333334,0.9663240313529968,0.19719603657722473
fm_standard,7,DHC-1,0.6666666666666666,0.9637255668640137,0.21161679923534393
fm_standard,7,DHC-1,0.75,0.9611506462097168,0.22945895791053772
fm_standard,7,DHC-1,0.8333333333333334,0.9586614370346069,0.2504478991031647
fm_standard,7,DHC-1,0.9166666666666666,0.9562469124794006,0.27440768480300903
fm_standard,7,DHC-1,1.0,0.9538541436195374,0.30126088857650757
fm_standard,8,Fokker 50,0.0,0.9633828401565552,0.24440789222717285
fm_standard,8,Fokker 50,0.08333333333333333,0.9638781547546387,0.22939909994602203
fm_standard,8,Fokker 50,0.16666666666666666,0.9632754921913147,0.21996231377124786
fm_standard,8,Fokker 50,0.25,0.9613818526268005,0.21647407114505768
fm_standard,8,Fokker 50,0.3333333333333333,0.9580854773521423,0.21908310055732727
fm_standard,8,Fokker 50,0.4166666666666667,0.9534339904785156,0.22763752937316895
fm_standard,8,Fokker 50,0.5,0.9476721286773682,0.2417314648628235
fm_standard,8,Fokker 50,0.5833333333333334,0.9411926865577698,0.26083657145500183
fm_standard,8,Fokker 50,0.6666666666666666,0.9344173669815063,0.28443947434425354
fm_standard,8,Fokker 50,0.75,0.9276759624481201,0.3121316432952881
fm_standard,8,Fokker 50,0.8333333333333334,0.9211461544036865,0.3436451554298401
fm_standard,8,Fokker 50,0.9166666666666666,0.9148577451705933,0.3788527250289917
fm_standard,8,Fokker 50,1.0,0.9087416529655457,0.41775137186050415
fm_standard,9,Gulfstream V,0.0,0.9716924428939819,0.22602425515651703
fm_standard,9,Gulfstream V,0.08333333333333333,0.9720214009284973,0.21236082911491394
fm_standard,9,Gulfstream V,0.16666666666666666,0.9718137979507446,0.20257674157619476
fm_standard,9,Gulfstream V,0.25,0.9710094332695007,0.19687409698963165
fm_standard,9,Gulfstream V,0.3333333333333333,0.9695889949798584,0.19535736739635468
fm_standard,9,Gulfstream V,0.4166666666666667,0.9676066637039185,0.19798006117343903
fm_standard,9,Gulfstream V,0.5,0.9652042388916016,0.20453763008117676
fm_standard,9,Gulfstream V,0.5833333333333334,0.9625867605209351,0.21471013128757477
fm_standard,9,Gulfstream V,0.6666666666666666,0.9599671959877014,0.22813166677951813
fm_standard,9,Gulfstream V,0.75,0.9575088024139404,0.24445681273937225
fm_standard,9,Gulfstream V,0.8333333333333334,0.9552936553955078,0.2634061276912689
fm_standard,9,Gulfstream V,0.9166666666666666,0.9533248543739319,0.28478893637657166
fm_standard,9,Gulfstream V,1.0,0.9515527486801147,0.3085077404975891
fm_rollout,0,727-200,0.0,0.7086332440376282,7.082009315490723
fm_rollout,0,727-200,0.08333333333333333,0.41319820284843445,4.206456661224365
fm_rollout,0,727-200,0.16666666666666666,0.3875877857208252,2.4317667484283447
fm_rollout,0,727-200,0.25,0.4737386107444763,1.4091500043869019
fm_rollout,0,727-200,0.3333333333333333,0.5777359008789062,0.8491308689117432
fm_rollout,0,727-200,0.4166666666666667,0.659696638584137,0.5565226674079895
fm_rollout,0,727-200,0.5,0.7234950661659241,0.41024065017700195
fm_rollout,0,727-200,0.5833333333333334,0.790064811706543,0.3394487798213959
fm_rollout,0,727-200,0.6666666666666666,0.8534954190254211,0.30622413754463196
fm_rollout,0,727-200,0.75,0.8995559811592102,0.29193753004074097
fm_rollout,0,727-200,0.8333333333333334,0.9284650683403015,0.2875674068927765
fm_rollout,0,727-200,0.9166666666666666,0.9461151361465454,0.28852367401123047
fm_rollout,0,727-200,1.0,0.9571940898895264,0.2923455834388733
fm_rollout,1,737-300,0.0,-0.29359498620033264,1.9753695726394653
fm_rollout,1,737-300,0.08333333333333333,0.3461725413799286,1.047023057937622
fm_rollout,1,737-300,0.16666666666666666,0.621613085269928,0.6627314686775208
fm_rollout,1,737-300,0.25,0.7390391826629639,0.4613571763038635
fm_rollout,1,737-300,0.3333333333333333,0.7974430918693542,0.34334829449653625
fm_rollout,1,737-300,0.4166666666666667,0.8341742157936096,0.2730785310268402
fm_rollout,1,737-300,0.5,0.869013786315918,0.2327939122915268
fm_rollout,1,737-300,0.5833333333333334,0.9051442742347717,0.21142329275608063
fm_rollout,1,737-300,0.6666666666666666,0.9347060918807983,0.20164069533348083
fm_rollout,1,737-300,0.75,0.9542950391769409,0.19887802004814148
fm_rollout,1,737-300,0.8333333333333334,0.966190755367279,0.20049455761909485
fm_rollout,1,737-300,0.9166666666666666,0.9733933806419373,0.20498263835906982
fm_rollout,1,737-300,1.0,0.9779139757156372,0.21140702068805695
fm_rollout,2,737-700,0.0,-0.6066498160362244,4.648336887359619
fm_rollout,2,737-700,0.08333333333333333,-0.019427284598350525,2.3500630855560303
fm_rollout,2,737-700,0.16666666666666666,0.3098527491092682,1.3031456470489502
fm_rollout,2,737-700,0.25,0.5141081809997559,0.7736265659332275
fm_rollout,2,737-700,0.3333333333333333,0.6539785861968994,0.49198615550994873
fm_rollout,2,737-700,0.4166666666666667,0.7505747079849243,0.3415357768535614
fm_rollout,2,737-700,0.5,0.824036180973053,0.26464104652404785
fm_rollout,2,737-700,0.5833333333333334,0.8808753490447998,0.22956684231758118
fm_rollout,2,737-700,0.6666666666666666,0.9196354746818542,0.2174672782421112
fm_rollout,2,737-700,0.75,0.9431757926940918,0.21741943061351776
fm_rollout,2,737-700,0.8333333333333334,0.9569630026817322,0.2235736846923828
fm_rollout,2,737-700,0.9166666666666666,0.9652458429336548,0.232928067445755
fm_rollout,2,737-700,1.0,0.970504641532898,0.24389813840389252
fm_rollout,3,767-300,0.0,-0.62408447265625,6.866721153259277
fm_rollout,3,767-300,0.08333333333333333,-0.10986050963401794,3.442828893661499
fm_rollout,3,767-300,0.16666666666666666,0.17937137186527252,1.8519963026046753
fm_rollout,3,767-300,0.25,0.377136766910553,1.0493615865707397
fm_rollout,3,767-300,0.3333333333333333,0.5433205366134644,0.625552237033844
fm_rollout,3,767-300,0.4166666666666667,0.6874561905860901,0.39961791038513184
fm_rollout,3,767-300,0.5,0.8076363801956177,0.2822481691837311
fm_rollout,3,767-300,0.5833333333333334,0.8892655372619629,0.22466136515140533
fm_rollout,3,767-300,0.6666666666666666,0.9344488978385925,0.19821274280548096
fm_rollout,3,767-300,0.75,0.9582242965698242,0.18691276013851166
fm_rollout,3,767-300,0.8333333333333334,0.9710894227027893,0.18300558626651764
fm_rollout,3,767-300,0.9166666666666666,0.9783869385719299,0.18312986195087433
fm_rollout,3,767-300,1.0,0.9827471375465393,0.18583045899868011
fm_rollout,4,A320,0.0,-0.6144051551818848,5.4054646492004395
fm_rollout,4,A320,0.08333333333333333,-0.07747447490692139,2.7365968227386475
fm_rollout,4,A320,0.16666666666666666,0.22722992300987244,1.520031452178955
fm_rollout,4,A320,0.25,0.4233022928237915,0.9192873239517212
fm_rollout,4,A320,0.3333333333333333,0.5597240328788757,0.6138394474983215
fm_rollout,4,A320,0.4166666666666667,0.6539807915687561,0.4577694535255432
fm_rollout,4,A320,0.5,0.7333307266235352,0.3761046826839447
fm_rollout,4,A320,0.5833333333333334,0.808513343334198,0.33057981729507446
fm_rollout,4,A320,0.6666666666666666,0.8696331977844238,0.3032437562942505
fm_rollout,4,A320,0.75,0.9111676812171936,0.28623777627944946
fm_rollout,4,A320,0.8333333333333334,0.9370272755622864,0.27609679102897644
fm_rollout,4,A320,0.9166666666666666,0.952901303768158,0.27108001708984375
fm_rollout,4,A320,1.0,0.9628668427467346,0.2700679898262024
fm_rollout,5,A340-200,0.0,-0.5662499070167542,4.200134754180908
fm_rollout,5,A340-200,0.08333333333333333,0.006571974605321884,2.1541125774383545
fm_rollout,5,A340-200,0.16666666666666666,0.3328145742416382,1.2111310958862305
fm_rollout,5,A340-200,0.25,0.5386786460876465,0.727320671081543
fm_rollout,5,A340-200,0.3333333333333333,0.6798168420791626,0.4680483639240265
fm_rollout,5,A340-200,0.4166666666666667,0.775285542011261,0.33137640357017517
fm_rollout,5,A340-200,0.5,0.8418332934379578,0.2643238604068756
fm_rollout,5,A340-200,0.5833333333333334,0.8896107077598572,0.2349325567483902
fm_rollout,5,A340-200,0.6666666666666666,0.9228167533874512,0.22396597266197205
fm_rollout,5,A340-200,0.75,0.9444849491119385,0.2214563935995102
fm_rollout,5,A340-200,0.8333333333333334,0.9581950902938843,0.22298488020896912
fm_rollout,5,A340-200,0.9166666666666666,0.9669647812843323,0.2267371267080307
fm_rollout,5,A340-200,1.0,0.9727699160575867,0.2319127321243286
fm_rollout,6,Cessna 172,0.0,-0.13371695578098297,2.394530773162842
fm_rollout,6,Cessna 172,0.08333333333333333,0.41443219780921936,1.308454990386963
fm_rollout,6,Cessna 172,0.16666666666666666,0.6312925219535828,0.8402487635612488
fm_rollout,6,Cessna 172,0.25,0.7335935831069946,0.5965796113014221
fm_rollout,6,Cessna 172,0.3333333333333333,0.7866650819778442,0.4597179591655731
fm_rollout,6,Cessna 172,0.4166666666666667,0.8172489404678345,0.3819219172000885
fm_rollout,6,Cessna 172,0.5,0.8412941098213196,0.33863309025764465
fm_rollout,6,Cessna 172,0.5833333333333334,0.8663721084594727,0.3156648874282837
fm_rollout,6,Cessna 172,0.6666666666666666,0.8916674852371216,0.3046184778213501
fm_rollout,6,Cessna 172,0.75,0.9134742617607117,0.3006099462509155
fm_rollout,6,Cessna 172,0.8333333333333334,0.9302504062652588,0.3008204400539398
fm_rollout,6,Cessna 172,0.9166666666666666,0.9425837993621826,0.303566575050354
fm_rollout,6,Cessna 172,1.0,0.9516579508781433,0.30777230858802795
fm_rollout,7,DHC-1,0.0,0.49063819646835327,1.1025372743606567
fm_rollout,7,DHC-1,0.08333333333333333,0.6074945330619812,0.8402973413467407
fm_rollout,7,DHC-1,0.16666666666666666,0.6568938493728638,0.6947387456893921
fm_rollout,7,DHC-1,0.25,0.6917219758033752,0.5820698142051697
fm_rollout,7,DHC-1,0.3333333333333333,0.721944272518158,0.4935949444770813
fm_rollout,7,DHC-1,0.4166666666666667,0.7568116188049316,0.4241803288459778
fm_rollout,7,DHC-1,0.5,0.8022770285606384,0.36978939175605774
fm_rollout,7,DHC-1,0.5833333333333334,0.8536539673805237,0.3273995518684387
fm_rollout,7,DHC-1,0.6666666666666666,0.8989845514297485,0.2947656214237213
fm_rollout,7,DHC-1,0.75,0.9315605163574219,0.2701348662376404
fm_rollout,7,DHC-1,0.8333333333333334,0.9524980783462524,0.2520398795604706
fm_rollout,7,DHC-1,0.9166666666666666,0.9655193090438843,0.23921316862106323
fm_rollout,7,DHC-1,1.0,0.9737226963043213,0.2305925190448761
fm_rollout,8,Fokker 50,0.0,0.7574338912963867,2.69831919670105
fm_rollout,8,Fokker 50,0.08333333333333333,0.5126267671585083,1.8074853420257568
fm_rollout,8,Fokker 50,0.16666666666666666,0.5288020372390747,1.1687372922897339
fm_rollout,8,Fokker 50,0.25,0.6053498983383179,0.8002030849456787
fm_rollout,8,Fokker 50,0.3333333333333333,0.6578124165534973,0.6025146245956421
fm_rollout,8,Fokker 50,0.4166666666666667,0.6849505305290222,0.498836487531662
fm_rollout,8,Fokker 50,0.5,0.7094115018844604,0.44445064663887024
fm_rollout,8,Fokker 50,0.5833333333333334,0.7474148273468018,0.4160670340061188
fm_rollout,8,Fokker 50,0.6666666666666666,0.7943275570869446,0.402080237865448
fm_rollout,8,Fokker 50,0.75,0.8375552892684937,0.3966653347015381
fm_rollout,8,Fokker 50,0.8333333333333334,0.8712620139122009,0.39674675464630127
fm_rollout,8,Fokker 50,0.9166666666666666,0.8958246111869812,0.4005372226238251
fm_rollout,8,Fokker 50,1.0,0.9134947657585144,0.4068574607372284
fm_rollout,9,Gulfstream V,0.0,0.3250301480293274,1.1497280597686768
fm_rollout,9,Gulfstream V,0.08333333333333333,0.6960164308547974,0.657662570476532
fm_rollout,9,Gulfstream V,0.16666666666666666,0.7891263961791992,0.4996768534183502
fm_rollout,9,Gulfstream V,0.25,0.8185204267501831,0.4194360375404358
fm_rollout,9,Gulfstream V,0.3333333333333333,0.8262439966201782,0.3759292662143707
fm_rollout,9,Gulfstream V,0.4166666666666667,0.8292034268379211,0.3532971143722534
fm_rollout,9,Gulfstream V,0.5,0.8396311402320862,0.34190797805786133
fm_rollout,9,Gulfstream V,0.5833333333333334,0.8597818613052368,0.33631107211112976
fm_rollout,9,Gulfstream V,0.6666666666666666,0.8826532363891602,0.33386024832725525
fm_rollout,9,Gulfstream V,0.75,0.902708888053894,0.3333854675292969
fm_rollout,9,Gulfstream V,0.8333333333333334,0.9188838005065918,0.33427631855010986
fm_rollout,9,Gulfstream V,0.9166666666666666,0.9317927360534668,0.3360150456428528
fm_rollout,9,Gulfstream V,1.0,0.9422076940536499,0.3380396068096161
